price,date
16930,2000-01-03
15851,2000-01-04
16245,2000-01-05
16107,2000-01-06
16309,2000-01-07
17022,2000-01-10
16573,2000-01-11
16617,2000-01-12
17298,2000-01-13
17658,2000-01-14
18053,2000-01-17
17903,2000-01-18
17470,2000-01-19
17177,2000-01-20
17034,2000-01-21
16972,2000-01-24
17105,2000-01-26
17081,2000-01-27
16734,2000-01-28
16388,2000-01-31
16522,2000-02-01
16868,2000-02-02
17457,2000-02-03
17932,2000-02-04
18126,2000-02-07
18686,2000-02-08
18361,2000-02-09
18604,2000-02-10
18083,2000-02-11
17819,2000-02-14
17921,2000-02-15
18112,2000-02-16
17979,2000-02-17
17625,2000-02-18
17700,2000-02-21
17489,2000-02-22
17833,2000-02-23
17776,2000-02-24
17787,2000-02-25
17543,2000-02-28
17660,2000-02-29
17953,2000-03-01
18016,2000-03-02
18632,2000-03-03
18283,2000-03-08
18650,2000-03-09
18280,2000-03-10
17595,2000-03-13
17222,2000-03-14
17382,2000-03-15
17642,2000-03-16
17511,2000-03-17
17526,2000-03-20
18343,2000-03-21
18314,2000-03-22
18331,2000-03-23
18675,2000-03-24
18951,2000-03-27
18338,2000-03-28
18053,2000-03-29
17647,2000-03-30
17820,2000-03-31
17245,2000-04-03
16758,2000-04-04
16714,2000-04-05
17146,2000-04-06
17514,2000-04-07
16783,2000-04-10
16539,2000-04-11
16323,2000-04-12
15501,2000-04-13
14794,2000-04-14
14816,2000-04-17
15408,2000-04-18
14926,2000-04-19
15203,2000-04-20
14794,2000-04-24
15401,2000-04-25
15446,2000-04-26
15440,2000-04-27
15538,2000-04-28
15524,2000-05-02
15109,2000-05-03
14970,2000-05-04
15218,2000-05-05
14891,2000-05-08
14582,2000-05-09
14434,2000-05-10
14499,2000-05-11
14459,2000-05-12
15056,2000-05-15
15360,2000-05-16
14871,2000-05-17
14627,2000-05-18
14327,2000-05-19
13891,2000-05-22
13587,2000-05-23
14166,2000-05-24
14186,2000-05-25
14542,2000-05-26
14773,2000-05-29
15249,2000-05-30
14957,2000-05-31
15450,2000-06-01
16222,2000-06-02
16023,2000-06-05
15947,2000-06-06
16272,2000-06-07
16399,2000-06-08
16342,2000-06-09
16097,2000-06-12
16354,2000-06-13
16366,2000-06-14
16561,2000-06-15
16425,2000-06-16
16850,2000-06-19
16844,2000-06-20
17254,2000-06-21
16977,2000-06-23
16745,2000-06-26
16512,2000-06-27
16842,2000-06-28
16407,2000-06-29
16728,2000-06-30
17089,2000-07-03
17279,2000-07-04
17135,2000-07-05
17348,2000-07-06
17599,2000-07-07
17472,2000-07-10
16881,2000-07-11
17053,2000-07-12
16444,2000-07-13
16881,2000-07-14
17388,2000-07-17
17369,2000-07-18
16928,2000-07-19
17204,2000-07-20
17318,2000-07-21
17386,2000-07-24
17049,2000-07-25
17121,2000-07-26
16949,2000-07-27
16486,2000-07-28
16455,2000-07-31
16290,2000-08-01
16314,2000-08-02
16721,2000-08-03
16761,2000-08-04
16996,2000-08-07
16885,2000-08-08
16534,2000-08-09
16835,2000-08-10
17395,2000-08-11
17811,2000-08-14
17744,2000-08-15
17331,2000-08-16
17703,2000-08-17
17314,2000-08-18
17083,2000-08-21
17224,2000-08-22
17450,2000-08-23
17311,2000-08-24
17643,2000-08-25
17460,2000-08-28
17355,2000-08-29
17414,2000-08-30
17347,2000-08-31
17577,2000-09-01
17613,2000-09-04
17425,2000-09-05
17590,2000-09-06
17433,2000-09-08
17288,2000-09-11
16883,2000-09-12
16999,2000-09-13
16769,2000-09-14
16563,2000-09-15
15913,2000-09-18
16188,2000-09-19
16078,2000-09-20
16146,2000-09-21
16353,2000-09-22
16319,2000-09-25
16255,2000-09-26
15848,2000-09-27
16014,2000-09-28
15928,2000-09-29
15559,2000-10-02
15633,2000-10-03
15876,2000-10-04
16362,2000-10-05
15946,2000-10-06
15855,2000-10-09
15747,2000-10-10
15526,2000-10-11
15385,2000-10-13
15242,2000-10-16
14870,2000-10-17
14421,2000-10-18
14845,2000-10-19
14529,2000-10-20
13990,2000-10-23
13799,2000-10-24
13665,2000-10-25
14223,2000-10-26
14692,2000-10-27
14891,2000-10-30
14867,2000-10-31
14791,2000-11-01
14534,2000-11-03
14801,2000-11-06
14969,2000-11-07
14656,2000-11-08
14524,2000-11-09
14626,2000-11-10
14372,2000-11-13
14540,2000-11-14
14490,2000-11-16
14323,2000-11-17
14500,2000-11-20
14784,2000-11-21
14577,2000-11-22
14314,2000-11-23
14336,2000-11-24
14008,2000-11-27
13914,2000-11-28
13788,2000-11-29
13287,2000-11-30
13437,2000-12-01
13510,2000-12-04
14182,2000-12-05
13945,2000-12-06
14460,2000-12-07
14983,2000-12-08
15188,2000-12-11
14906,2000-12-12
15291,2000-12-13
15259,2000-12-14
14988,2000-12-15
15083,2000-12-18
15336,2000-12-19
14622,2000-12-20
14505,2000-12-21
14652,2000-12-22
14795,2000-12-26
15186,2000-12-27
15259,2000-12-28
15425,2001-01-02
16599,2001-01-03
16675,2001-01-04
16410,2001-01-05
16562,2001-01-08
16976,2001-01-09
16919,2001-01-10
17024,2001-01-11
16850,2001-01-12
16963,2001-01-15
16721,2001-01-16
17191,2001-01-17
17521,2001-01-18
17530,2001-01-19
17392,2001-01-22
17832,2001-01-23
17772,2001-01-24
17889,2001-01-26
17883,2001-01-29
17723,2001-01-30
17673,2001-01-31
17039,2001-02-01
16915,2001-02-02
16731,2001-02-05
17007,2001-02-06
16812,2001-02-07
17243,2001-02-08
17138,2001-02-09
16917,2001-02-12
17096,2001-02-13
17120,2001-02-14
16937,2001-02-15
16259,2001-02-16
16061,2001-02-19
15911,2001-02-20
15594,2001-02-21
15910,2001-02-22
16158,2001-02-23
15891,2001-02-28
16417,2001-03-01
16581,2001-03-02
16537,2001-03-05
16324,2001-03-06
16395,2001-03-07
16227,2001-03-08
16123,2001-03-09
15527,2001-03-12
15584,2001-03-13
15245,2001-03-14
15061,2001-03-15
15237,2001-03-16
14836,2001-03-19
14903,2001-03-20
14853,2001-03-21
14067,2001-03-22
14435,2001-03-23
14712,2001-03-26
14835,2001-03-27
14632,2001-03-28
14282,2001-03-29
14438,2001-03-30
13981,2001-04-02
13737,2001-04-03
13855,2001-04-04
14443,2001-04-05
14485,2001-04-06
14719,2001-04-09
15048,2001-04-10
14819,2001-04-11
14969,2001-04-12
14445,2001-04-16
14337,2001-04-17
14955,2001-04-18
14431,2001-04-19
13696,2001-04-20
13893,2001-04-23
14068,2001-04-24
14163,2001-04-25
14757,2001-04-26
14928,2001-04-27
14918,2001-04-30
14897,2001-05-02
15142,2001-05-03
15093,2001-05-04
14875,2001-05-07
14747,2001-05-08
14779,2001-05-09
14993,2001-05-10
14493,2001-05-11
14237,2001-05-14
14226,2001-05-15
14714,2001-05-16
14794,2001-05-17
14884,2001-05-18
15128,2001-05-21
14829,2001-05-22
14692,2001-05-23
14523,2001-05-24
14310,2001-05-25
14302,2001-05-28
14454,2001-05-29
14489,2001-05-30
14650,2001-05-31
14792,2001-06-01
15104,2001-06-04
15395,2001-06-05
15329,2001-06-06
15464,2001-06-07
15366,2001-06-08
15224,2001-06-11
15173,2001-06-12
15403,2001-06-13
14985,2001-06-15
14355,2001-06-18
14401,2001-06-19
14571,2001-06-20
14823,2001-06-21
14682,2001-06-22
14540,2001-06-25
14460,2001-06-26
14308,2001-06-27
14391,2001-06-28
14560,2001-06-29
14555,2001-07-02
14353,2001-07-03
14056,2001-07-04
14048,2001-07-05
13907,2001-07-06
13570,2001-07-10
13812,2001-07-11
13916,2001-07-12
14078,2001-07-13
13811,2001-07-16
14169,2001-07-17
13791,2001-07-18
13762,2001-07-19
14092,2001-07-20
14068,2001-07-23
13738,2001-07-24
13956,2001-07-25
13810,2001-07-26
13910,2001-07-27
13704,2001-07-30
13754,2001-07-31
13743,2001-08-01
13823,2001-08-02
13838,2001-08-03
14047,2001-08-06
14036,2001-08-07
13919,2001-08-08
13834,2001-08-09
13915,2001-08-10
13771,2001-08-13
13829,2001-08-14
13659,2001-08-15
13509,2001-08-16
13044,2001-08-17
13115,2001-08-20
12892,2001-08-21
12952,2001-08-22
12751,2001-08-23
13001,2001-08-24
12996,2001-08-27
13018,2001-08-28
13077,2001-08-29
12892,2001-08-30
12841,2001-08-31
12800,2001-09-03
12767,2001-09-04
12591,2001-09-05
12255,2001-09-06
11922,2001-09-10
11113,2001-09-12
10306,2001-09-13
10034,2001-09-14
10550,2001-09-17
10554,2001-09-18
10745,2001-09-19
10543,2001-09-20
10419,2001-09-21
10533,2001-09-24
10229,2001-09-25
10006,2001-09-26
10405,2001-09-27
10636,2001-09-28
10501,2001-10-01
10351,2001-10-02
10233,2001-10-03
10062,2001-10-04
10197,2001-10-05
10095,2001-10-08
10284,2001-10-09
10462,2001-10-10
10785,2001-10-11
11329,2001-10-15
11258,2001-10-16
11271,2001-10-17
10995,2001-10-18
11332,2001-10-19
11700,2001-10-22
11613,2001-10-23
11468,2001-10-24
11724,2001-10-25
11781,2001-10-26
11377,2001-10-29
11024,2001-10-30
11365,2001-10-31
11388,2001-11-01
12165,2001-11-05
12416,2001-11-06
12616,2001-11-07
12554,2001-11-08
12731,2001-11-09
12567,2001-11-12
12918,2001-11-13
12826,2001-11-14
12883,2001-11-16
12987,2001-11-19
12638,2001-11-20
12794,2001-11-21
13019,2001-11-22
13424,2001-11-23
13760,2001-11-26
13603,2001-11-27
13019,2001-11-28
12736,2001-11-29
12932,2001-11-30
13336,2001-12-03
13147,2001-12-04
13382,2001-12-05
13539,2001-12-06
13299,2001-12-07
13446,2001-12-10
13348,2001-12-11
13563,2001-12-12
13148,2001-12-13
12959,2001-12-14
12912,2001-12-17
13397,2001-12-18
13290,2001-12-19
12918,2001-12-20
13369,2001-12-21
13358,2001-12-26
13756,2001-12-27
13578,2001-12-28
13872,2002-01-02
14265,2002-01-03
14332,2002-01-04
14379,2002-01-07
14168,2002-01-08
14021,2002-01-09
13570,2002-01-10
13587,2002-01-11
13122,2002-01-14
13011,2002-01-15
13084,2002-01-16
13337,2002-01-17
13373,2002-01-18
13155,2002-01-21
13004,2002-01-22
13232,2002-01-23
13162,2002-01-24
13002,2002-01-28
12501,2002-01-29
12532,2002-01-30
12721,2002-01-31
12659,2002-02-01
12513,2002-02-04
12748,2002-02-05
12751,2002-02-06
12684,2002-02-07
12598,2002-02-08
12961,2002-02-13
13245,2002-02-14
13300,2002-02-15
13122,2002-02-18
12992,2002-02-19
13303,2002-02-20
13530,2002-02-21
13563,2002-02-22
13978,2002-02-25
13964,2002-02-26
14212,2002-02-27
14033,2002-02-28
14343,2002-03-01
14471,2002-03-04
14011,2002-03-05
13839,2002-03-06
13726,2002-03-07
13962,2002-03-08
13696,2002-03-11
14181,2002-03-12
14244,2002-03-13
14117,2002-03-14
14365,2002-03-15
14245,2002-03-18
14118,2002-03-19
14090,2002-03-20
13717,2002-03-21
13312,2002-03-22
13278,2002-03-25
13570,2002-03-26
13425,2002-03-27
13255,2002-03-28
13467,2002-04-01
13245,2002-04-02
13085,2002-04-03
13360,2002-04-04
13276,2002-04-05
13160,2002-04-08
13195,2002-04-09
13416,2002-04-10
13411,2002-04-11
13751,2002-04-12
13472,2002-04-15
13623,2002-04-16
13732,2002-04-17
13573,2002-04-18
13478,2002-04-19
13224,2002-04-22
13188,2002-04-23
13381,2002-04-24
13273,2002-04-25
13076,2002-04-26
13090,2002-04-29
13085,2002-04-30
12538,2002-05-02
12610,2002-05-03
12430,2002-05-06
12342,2002-05-07
12617,2002-05-08
12102,2002-05-09
12130,2002-05-10
12002,2002-05-13
12204,2002-05-14
12350,2002-05-15
12660,2002-05-16
12699,2002-05-17
12668,2002-05-20
12701,2002-05-21
12368,2002-05-22
12556,2002-05-23
12574,2002-05-24
12698,2002-05-27
12728,2002-05-28
12985,2002-05-29
12861,2002-05-31
12659,2002-06-03
12600,2002-06-04
12590,2002-06-05
12113,2002-06-06
12283,2002-06-07
12600,2002-06-10
12210,2002-06-11
12133,2002-06-12
11962,2002-06-13
11699,2002-06-14
11937,2002-06-17
11821,2002-06-18
11493,2002-06-19
10909,2002-06-20
10398,2002-06-21
10759,2002-06-24
10706,2002-06-25
10691,2002-06-26
11013,2002-06-27
11139,2002-06-28
10892,2002-07-01
10846,2002-07-02
10636,2002-07-03
10655,2002-07-04
10524,2002-07-05
10687,2002-07-08
10556,2002-07-10
10806,2002-07-11
10967,2002-07-12
10633,2002-07-15
10578,2002-07-16
10755,2002-07-17
10813,2002-07-18
10583,2002-07-19
9892,2002-07-22
9746,2002-07-23
9937,2002-07-24
9666,2002-07-25
9217,2002-07-26
9240,2002-07-29
9342,2002-07-30
9763,2002-07-31
9760,2002-08-01
9852,2002-08-02
9470,2002-08-05
9755,2002-08-06
9870,2002-08-07
10316,2002-08-08
9986,2002-08-09
9724,2002-08-12
9444,2002-08-13
9343,2002-08-14
9183,2002-08-15
9526,2002-08-16
9417,2002-08-19
9263,2002-08-20
9438,2002-08-21
9703,2002-08-22
9676,2002-08-23
10098,2002-08-26
10372,2002-08-27
10380,2002-08-28
10455,2002-08-29
10382,2002-08-30
10378,2002-09-02
10136,2002-09-03
9997,2002-09-04
9723,2002-09-05
9717,2002-09-06
9954,2002-09-09
9960,2002-09-10
10182,2002-09-11
10173,2002-09-12
10181,2002-09-13
9831,2002-09-16
9650,2002-09-17
9505,2002-09-18
9372,2002-09-19
9585,2002-09-20
9264,2002-09-23
9148,2002-09-24
9228,2002-09-25
9199,2002-09-26
8716,2002-09-27
8623,2002-09-30
8998,2002-10-01
8820,2002-10-02
9140,2002-10-03
9260,2002-10-04
8863,2002-10-07
8847,2002-10-08
8715,2002-10-09
8866,2002-10-10
8855,2002-10-11
8451,2002-10-14
8507,2002-10-15
8371,2002-10-16
8902,2002-10-17
9022,2002-10-18
9128,2002-10-21
9331,2002-10-22
9840,2002-10-23
9799,2002-10-24
10015,2002-10-25
9574,2002-10-28
9601,2002-10-29
10069,2002-10-30
10168,2002-10-31
10140,2002-11-01
9913,2002-11-04
9861,2002-11-05
9703,2002-11-06
9799,2002-11-07
9860,2002-11-08
9886,2002-11-11
9721,2002-11-12
9764,2002-11-13
9884,2002-11-14
9971,2002-11-18
9971,2002-11-19
10088,2002-11-20
10289,2002-11-21
10404,2002-11-22
10246,2002-11-25
10132,2002-11-26
10226,2002-11-27
10239,2002-11-28
10509,2002-11-29
10674,2002-12-02
10663,2002-12-03
10640,2002-12-04
10413,2002-12-05
10569,2002-12-06
10339,2002-12-09
10331,2002-12-10
10614,2002-12-11
10587,2002-12-12
10564,2002-12-13
10771,2002-12-16
10833,2002-12-17
10985,2002-12-18
11208,2002-12-19
11490,2002-12-20
11470,2002-12-23
11318,2002-12-26
11234,2002-12-27
11268,2002-12-30
11603,2003-01-02
11600,2003-01-03
12020,2003-01-06
11876,2003-01-07
11786,2003-01-08
11912,2003-01-09
12243,2003-01-10
12110,2003-01-13
12175,2003-01-14
11971,2003-01-15
11952,2003-01-16
11676,2003-01-17
11648,2003-01-20
11435,2003-01-21
11142,2003-01-22
11162,2003-01-23
10784,2003-01-24
10530,2003-01-27
10517,2003-01-28
10863,2003-01-29
10751,2003-01-30
10941,2003-01-31
10910,2003-02-03
10577,2003-02-04
10592,2003-02-05
10566,2003-02-06
10381,2003-02-07
10480,2003-02-10
10509,2003-02-11
10510,2003-02-12
10108,2003-02-13
10081,2003-02-14
10189,2003-02-17
10450,2003-02-18
10252,2003-02-19
10217,2003-02-20
10331,2003-02-21
10254,2003-02-24
10192,2003-02-25
9995,2003-02-26
10126,2003-02-27
10281,2003-02-28
10306,2003-03-05
10615,2003-03-06
10724,2003-03-07
10309,2003-03-10
10340,2003-03-11
10577,2003-03-12
10783,2003-03-13
10817,2003-03-14
10875,2003-03-17
11151,2003-03-18
11006,2003-03-19
11159,2003-03-20
11377,2003-03-21
11053,2003-03-24
11232,2003-03-25
11206,2003-03-26
11233,2003-03-27
11396,2003-03-28
11274,2003-03-31
11592,2003-04-01
11872,2003-04-02
12006,2003-04-03
12066,2003-04-04
12136,2003-04-07
11779,2003-04-08
11759,2003-04-09
11591,2003-04-10
11719,2003-04-11
11874,2003-04-14
12106,2003-04-15
12043,2003-04-16
12395,2003-04-17
12452,2003-04-22
12394,2003-04-23
12120,2003-04-24
12126,2003-04-25
12462,2003-04-28
12678,2003-04-29
12557,2003-04-30
12810,2003-05-02
12833,2003-05-05
12644,2003-05-06
12956,2003-05-07
12921,2003-05-08
13214,2003-05-09
13320,2003-05-12
13421,2003-05-13
13459,2003-05-14
13130,2003-05-15
13225,2003-05-16
12746,2003-05-19
12745,2003-05-20
13034,2003-05-21
13101,2003-05-22
13143,2003-05-23
12852,2003-05-26
13246,2003-05-27
13294,2003-05-28
13405,2003-05-29
13422,2003-05-30
13229,2003-06-02
13350,2003-06-03
13718,2003-06-04
13780,2003-06-05
13923,2003-06-06
13846,2003-06-09
13894,2003-06-10
13877,2003-06-11
13983,2003-06-12
13734,2003-06-13
13833,2003-06-16
13777,2003-06-17
13511,2003-06-18
13131,2003-06-20
12991,2003-06-23
13108,2003-06-24
13026,2003-06-25
13112,2003-06-26
13024,2003-06-27
12973,2003-06-30
13291,2003-07-01
13310,2003-07-02
13134,2003-07-03
13281,2003-07-04
13402,2003-07-07
13619,2003-07-08
13501,2003-07-10
13321,2003-07-11
13588,2003-07-14
13614,2003-07-15
13487,2003-07-16
13622,2003-07-17
13794,2003-07-18
13676,2003-07-21
13835,2003-07-22
13799,2003-07-23
13761,2003-07-24
13750,2003-07-25
13643,2003-07-28
13623,2003-07-29
13475,2003-07-30
13572,2003-07-31
13130,2003-08-01
12939,2003-08-04
13059,2003-08-05
12888,2003-08-06
13328,2003-08-07
13500,2003-08-08
13560,2003-08-11
13602,2003-08-12
13682,2003-08-13
13812,2003-08-14
13890,2003-08-15
14146,2003-08-18
14158,2003-08-19
14467,2003-08-20
14670,2003-08-21
14613,2003-08-22
14473,2003-08-25
14878,2003-08-26
15143,2003-08-27
15065,2003-08-28
15174,2003-08-29
15352,2003-09-01
15454,2003-09-02
15634,2003-09-03
15705,2003-09-04
15900,2003-09-05
16050,2003-09-08
15718,2003-09-09
15983,2003-09-10
16292,2003-09-11
16421,2003-09-12
16342,2003-09-15
16270,2003-09-16
16492,2003-09-17
16889,2003-09-18
16851,2003-09-19
16486,2003-09-22
16444,2003-09-23
16058,2003-09-24
15806,2003-09-25
15811,2003-09-26
16109,2003-09-29
16011,2003-09-30
16579,2003-10-01
16894,2003-10-02
17089,2003-10-03
17273,2003-10-06
17470,2003-10-07
17805,2003-10-08
17708,2003-10-09
17676,2003-10-10
18062,2003-10-13
18178,2003-10-14
17942,2003-10-15
17955,2003-10-16
17791,2003-10-17
18370,2003-10-20
18449,2003-10-21
18235,2003-10-22
17690,2003-10-23
17814,2003-10-24
17750,2003-10-27
18228,2003-10-28
17945,2003-10-29
18094,2003-10-30
17982,2003-10-31
18517,2003-11-03
18541,2003-11-04
18307,2003-11-05
18613,2003-11-06
18672,2003-11-07
18572,2003-11-10
18409,2003-11-11
18794,2003-11-12
18755,2003-11-13
18986,2003-11-14
18669,2003-11-17
18813,2003-11-18
18807,2003-11-19
19199,2003-11-20
19248,2003-11-21
19691,2003-11-24
19810,2003-11-25
19695,2003-11-26
19961,2003-11-27
20184,2003-11-28
20521,2003-12-01
20458,2003-12-02
20540,2003-12-03
20414,2003-12-04
20880,2003-12-05
20889,2003-12-08
21260,2003-12-09
20973,2003-12-10
21296,2003-12-11
20974,2003-12-12
20710,2003-12-15
20760,2003-12-16
21199,2003-12-17
21489,2003-12-18
21386,2003-12-19
21630,2003-12-22
21688,2003-12-23
21807,2003-12-26
22045,2003-12-29
22236,2003-12-30
22445,2004-01-02
23532,2004-01-05
23576,2004-01-06
23320,2004-01-07
23717,2004-01-08
23917,2004-01-09
24237,2004-01-12
23940,2004-01-13
23399,2004-01-14
22962,2004-01-15
23155,2004-01-16
23385,2004-01-19
23679,2004-01-20
23302,2004-01-21
22969,2004-01-22
23471,2004-01-23
24350,2004-01-26
24226,2004-01-27
23852,2004-01-28
22386,2004-01-29
21851,2004-01-30
21787,2004-02-02
22281,2004-02-03
21685,2004-02-04
21092,2004-02-05
21969,2004-02-06
21962,2004-02-09
22171,2004-02-10
23197,2004-02-11
23063,2004-02-12
22530,2004-02-13
22189,2004-02-16
22426,2004-02-17
22000,2004-02-18
20951,2004-02-19
21337,2004-02-20
21609,2004-02-25
21450,2004-02-26
21755,2004-02-27
22499,2004-03-01
22442,2004-03-02
22550,2004-03-03
22393,2004-03-04
22873,2004-03-05
22993,2004-03-08
22674,2004-03-09
21670,2004-03-10
20763,2004-03-11
21776,2004-03-12
21234,2004-03-15
21613,2004-03-16
21901,2004-03-17
22370,2004-03-18
22261,2004-03-19
21663,2004-03-22
21205,2004-03-23
20985,2004-03-24
21000,2004-03-25
21541,2004-03-26
21531,2004-03-29
22043,2004-03-30
22142,2004-03-31
22647,2004-04-01
22949,2004-04-02
23146,2004-04-05
23072,2004-04-06
22443,2004-04-07
22725,2004-04-08
22780,2004-04-12
22620,2004-04-13
22312,2004-04-14
21739,2004-04-15
21769,2004-04-16
21627,2004-04-19
21078,2004-04-20
21142,2004-04-22
21590,2004-04-23
21324,2004-04-26
21317,2004-04-27
20474,2004-04-28
19865,2004-04-29
19607,2004-04-30
19709,2004-05-03
19988,2004-05-04
20026,2004-05-05
19190,2004-05-06
18620,2004-05-07
17604,2004-05-10
18537,2004-05-11
18326,2004-05-12
18402,2004-05-13
18611,2004-05-14
18122,2004-05-17
18556,2004-05-18
18688,2004-05-19
18240,2004-05-20
18285,2004-05-21
18669,2004-05-24
18860,2004-05-25
19069,2004-05-26
19734,2004-05-27
19667,2004-05-28
19545,2004-05-31
19546,2004-06-01
19717,2004-06-02
19400,2004-06-03
19819,2004-06-04
20447,2004-06-07
20284,2004-06-08
19865,2004-06-09
19834,2004-06-11
19488,2004-06-14
20047,2004-06-15
20460,2004-06-16
20335,2004-06-17
20333,2004-06-18
20293,2004-06-21
20199,2004-06-22
20836,2004-06-23
20708,2004-06-24
20750,2004-06-25
20351,2004-06-28
20801,2004-06-29
21149,2004-06-30
21349,2004-07-01
21568,2004-07-02
21670,2004-07-05
21188,2004-07-06
21171,2004-07-07
20887,2004-07-08
21532,2004-07-12
21677,2004-07-13
21673,2004-07-14
22065,2004-07-15
22447,2004-07-16
22102,2004-07-19
22361,2004-07-20
21810,2004-07-21
21730,2004-07-22
21591,2004-07-23
21318,2004-07-26
21737,2004-07-27
22168,2004-07-28
22228,2004-07-29
22337,2004-07-30
22448,2004-08-02
22373,2004-08-03
22178,2004-08-04
21330,2004-08-05
21653,2004-08-06
21261,2004-08-09
21737,2004-08-10
21570,2004-08-11
21570,2004-08-12
21401,2004-08-13
21764,2004-08-16
22061,2004-08-17
22779,2004-08-18
22935,2004-08-19
23196,2004-08-20
22852,2004-08-23
22870,2004-08-24
23058,2004-08-25
22582,2004-08-26
22597,2004-08-27
22869,2004-08-30
22803,2004-08-31
22513,2004-09-01
22688,2004-09-02
22415,2004-09-03
22502,2004-09-06
22534,2004-09-08
22286,2004-09-09
21968,2004-09-10
21809,2004-09-13
22309,2004-09-14
22344,2004-09-15
22876,2004-09-16
23074,2004-09-17
23078,2004-09-20
23106,2004-09-21
22749,2004-09-22
22944,2004-09-23
22972,2004-09-24
22834,2004-09-27
23231,2004-09-28
23208,2004-09-29
23245,2004-09-30
23777,2004-10-01
24150,2004-10-04
24205,2004-10-05
24027,2004-10-06
24104,2004-10-07
23927,2004-10-08
23954,2004-10-11
23289,2004-10-13
22959,2004-10-14
23368,2004-10-15
23411,2004-10-18
22893,2004-10-19
22873,2004-10-20
23059,2004-10-21
22735,2004-10-22
22603,2004-10-25
22849,2004-10-26
23171,2004-10-27
22929,2004-10-28
23052,2004-10-29
23273,2004-11-01
23660,2004-11-03
23880,2004-11-04
23542,2004-11-05
23212,2004-11-08
23216,2004-11-09
23455,2004-11-10
23521,2004-11-11
24035,2004-11-12
23772,2004-11-16
24170,2004-11-17
24143,2004-11-18
24034,2004-11-19
24445,2004-11-22
24340,2004-11-23
24368,2004-11-24
24867,2004-11-25
24998,2004-11-26
24855,2004-11-29
25128,2004-11-30
25235,2004-12-01
25200,2004-12-02
25468,2004-12-03
25633,2004-12-06
24989,2004-12-07
24968,2004-12-08
24526,2004-12-09
24933,2004-12-10
25225,2004-12-13
25563,2004-12-14
25576,2004-12-15
25831,2004-12-16
25659,2004-12-17
25537,2004-12-20
25890,2004-12-21
25723,2004-12-22
25878,2004-12-23
25937,2004-12-27
26117,2004-12-28
26161,2004-12-29
26196,2004-12-30
25722,2005-01-03
24848,2005-01-04
24692,2005-01-05
24367,2005-01-06
24747,2005-01-07
24292,2005-01-10
24370,2005-01-11
24510,2005-01-12
24806,2005-01-13
24924,2005-01-14
24515,2005-01-17
24089,2005-01-18
24271,2005-01-19
23610,2005-01-20
23818,2005-01-21
24198,2005-01-24
24530,2005-01-26
24030,2005-01-27
23968,2005-01-28
24351,2005-01-31
24149,2005-02-01
24605,2005-02-02
24874,2005-02-03
25732,2005-02-04
26314,2005-02-09
26416,2005-02-10
26671,2005-02-11
26532,2005-02-14
26610,2005-02-15
26384,2005-02-16
27091,2005-02-17
26756,2005-02-18
26853,2005-02-21
26740,2005-02-22
27198,2005-02-23
28436,2005-02-24
28425,2005-02-25
28139,2005-02-28
27730,2005-03-01
28200,2005-03-02
28668,2005-03-03
29197,2005-03-04
29455,2005-03-07
29021,2005-03-08
28514,2005-03-09
28567,2005-03-10
28075,2005-03-11
28099,2005-03-14
27588,2005-03-15
27827,2005-03-16
28086,2005-03-17
27593,2005-03-18
27411,2005-03-21
26618,2005-03-22
26248,2005-03-23
26702,2005-03-24
26257,2005-03-28
25842,2005-03-29
26470,2005-03-30
26611,2005-03-31
26774,2005-04-01
26407,2005-04-04
26038,2005-04-05
25695,2005-04-06
26308,2005-04-07
25885,2005-04-08
25900,2005-04-11
26206,2005-04-12
26066,2005-04-13
24984,2005-04-14
24656,2005-04-15
24877,2005-04-18
25566,2005-04-19
25062,2005-04-20
24767,2005-04-22
25232,2005-04-25
25305,2005-04-26
25242,2005-04-27
24440,2005-04-28
24844,2005-04-29
24705,2005-05-02
24716,2005-05-03
25474,2005-05-04
25436,2005-05-05
25589,2005-05-06
25465,2005-05-09
24763,2005-05-10
24699,2005-05-11
24117,2005-05-12
23887,2005-05-13
24379,2005-05-16
24413,2005-05-17
24898,2005-05-18
24829,2005-05-19
24522,2005-05-20
24215,2005-05-23
24545,2005-05-24
24478,2005-05-25
25255,2005-05-27
25424,2005-05-30
25207,2005-05-31
25949,2005-06-01
26640,2005-06-02
26366,2005-06-03
25556,2005-06-06
25026,2005-06-07
24702,2005-06-08
24484,2005-06-09
24951,2005-06-10
24902,2005-06-13
25744,2005-06-14
25481,2005-06-15
25751,2005-06-16
26093,2005-06-17
26046,2005-06-20
25722,2005-06-21
25678,2005-06-22
24816,2005-06-23
24917,2005-06-24
25226,2005-06-27
25261,2005-06-28
25126,2005-06-29
25051,2005-06-30
25311,2005-07-01
25045,2005-07-04
24675,2005-07-05
24517,2005-07-06
24450,2005-07-07
24423,2005-07-08
25016,2005-07-11
25536,2005-07-12
25856,2005-07-13
25920,2005-07-14
25222,2005-07-15
25321,2005-07-18
25271,2005-07-19
25705,2005-07-20
25842,2005-07-21
25391,2005-07-22
24531,2005-07-25
24868,2005-07-26
25338,2005-07-27
26068,2005-07-28
26042,2005-07-29
26298,2005-08-01
26789,2005-08-02
26714,2005-08-03
26470,2005-08-04
26518,2005-08-05
26711,2005-08-08
27291,2005-08-09
27117,2005-08-10
26633,2005-08-11
26951,2005-08-12
27375,2005-08-15
27080,2005-08-16
27416,2005-08-17
26900,2005-08-18
26644,2005-08-19
27261,2005-08-22
26769,2005-08-23
26712,2005-08-24
27402,2005-08-25
27095,2005-08-26
27385,2005-08-29
27604,2005-08-30
28045,2005-08-31
27962,2005-09-01
28319,2005-09-02
28522,2005-09-05
28855,2005-09-06
28828,2005-09-08
29308,2005-09-09
29086,2005-09-12
28873,2005-09-13
29050,2005-09-14
29366,2005-09-15
29816,2005-09-16
30076,2005-09-19
30059,2005-09-20
30837,2005-09-21
30678,2005-09-22
31294,2005-09-23
31141,2005-09-26
30875,2005-09-27
31317,2005-09-28
31209,2005-09-29
31584,2005-09-30
31856,2005-10-03
31284,2005-10-04
30164,2005-10-05
29227,2005-10-06
29973,2005-10-07
30277,2005-10-10
30614,2005-10-11
29880,2005-10-13
29770,2005-10-14
30242,2005-10-17
29068,2005-10-18
29297,2005-10-19
28344,2005-10-20
29176,2005-10-21
29835,2005-10-24
29498,2005-10-25
29730,2005-10-26
29133,2005-10-27
29318,2005-10-28
30194,2005-10-31
30900,2005-11-01
31100,2005-11-03
30888,2005-11-04
30952,2005-11-07
30971,2005-11-08
30666,2005-11-09
30725,2005-11-10
30511,2005-11-11
30219,2005-11-14
30482,2005-11-16
31087,2005-11-17
31102,2005-11-18
31110,2005-11-21
31489,2005-11-22
31943,2005-11-23
31945,2005-11-24
31920,2005-11-25
31358,2005-11-28
31652,2005-11-29
31917,2005-11-30
32617,2005-12-01
32832,2005-12-02
32701,2005-12-05
33223,2005-12-06
32757,2005-12-07
32480,2005-12-08
32922,2005-12-09
32971,2005-12-12
33420,2005-12-13
33629,2005-12-14
33193,2005-12-15
33292,2005-12-16
33005,2005-12-19
33067,2005-12-20
33517,2005-12-21
33513,2005-12-22
33331,2005-12-23
33298,2005-12-26
33371,2005-12-27
33138,2005-12-28
33456,2005-12-29
33507,2006-01-02
34541,2006-01-03
35002,2006-01-04
34936,2006-01-05
35475,2006-01-06
35337,2006-01-09
35049,2006-01-10
35952,2006-01-11
35779,2006-01-12
35897,2006-01-13
36534,2006-01-16
36119,2006-01-17
35805,2006-01-18
36858,2006-01-19
36695,2006-01-20
36632,2006-01-23
37400,2006-01-24
38014,2006-01-26
37822,2006-01-27
38242,2006-01-30
38383,2006-01-31
38485,2006-02-01
37304,2006-02-02
37262,2006-02-03
37321,2006-02-06
36562,2006-02-07
36499,2006-02-08
36882,2006-02-09
36975,2006-02-10
36114,2006-02-13
36627,2006-02-14
37239,2006-02-15
38256,2006-02-16
38422,2006-02-17
38539,2006-02-20
38166,2006-02-21
38246,2006-02-22
38405,2006-02-23
38610,2006-02-24
39178,2006-03-01
39126,2006-03-02
39240,2006-03-03
38354,2006-03-06
37423,2006-03-07
37289,2006-03-08
36312,2006-03-09
36891,2006-03-10
36793,2006-03-13
37541,2006-03-14
38244,2006-03-15
38157,2006-03-16
38049,2006-03-17
38204,2006-03-20
37398,2006-03-21
37851,2006-03-22
37474,2006-03-23
37577,2006-03-24
37641,2006-03-27
36682,2006-03-28
37492,2006-03-29
37777,2006-03-30
37952,2006-03-31
38717,2006-04-03
38802,2006-04-04
39053,2006-04-05
39285,2006-04-06
38926,2006-04-07
38475,2006-04-10
37901,2006-04-11
38427,2006-04-12
38082,2006-04-13
38462,2006-04-17
39572,2006-04-18
39938,2006-04-19
39775,2006-04-20
39751,2006-04-24
39738,2006-04-25
40410,2006-04-26
39751,2006-04-27
40363,2006-04-28
41017,2006-05-02
40920,2006-05-03
40976,2006-05-04
41417,2006-05-05
41515,2006-05-08
41979,2006-05-09
41752,2006-05-10
40847,2006-05-11
40223,2006-05-12
39271,2006-05-15
39416,2006-05-16
38291,2006-05-17
37807,2006-05-18
37733,2006-05-19
36497,2006-05-22
36110,2006-05-23
35792,2006-05-24
37569,2006-05-25
38506,2006-05-26
38145,2006-05-29
36413,2006-05-30
36530,2006-05-31
37748,2006-06-01
37942,2006-06-02
36740,2006-06-05
36558,2006-06-06
35264,2006-06-07
35438,2006-06-08
35075,2006-06-09
33555,2006-06-12
32848,2006-06-13
32941,2006-06-14
34399,2006-06-16
33897,2006-06-19
33632,2006-06-20
34547,2006-06-21
34317,2006-06-22
34661,2006-06-23
34631,2006-06-26
34376,2006-06-27
34835,2006-06-28
36487,2006-06-29
36631,2006-06-30
37357,2006-07-03
37367,2006-07-04
36378,2006-07-05
36533,2006-07-06
36102,2006-07-07
36141,2006-07-10
36554,2006-07-11
36230,2006-07-12
35354,2006-07-13
35350,2006-07-14
34866,2006-07-17
35130,2006-07-18
36785,2006-07-19
35847,2006-07-20
35510,2006-07-21
36224,2006-07-24
36681,2006-07-25
36594,2006-07-26
36888,2006-07-27
37381,2006-07-28
37077,2006-07-31
36839,2006-08-01
37288,2006-08-02
37451,2006-08-03
37848,2006-08-04
37698,2006-08-07
37600,2006-08-08
37255,2006-08-09
37354,2006-08-10
36944,2006-08-11
36557,2006-08-14
37296,2006-08-15
37678,2006-08-16
37559,2006-08-17
37552,2006-08-18
37161,2006-08-21
36678,2006-08-22
35512,2006-08-23
35797,2006-08-24
35958,2006-08-25
36375,2006-08-28
36304,2006-08-29
36313,2006-08-30
36232,2006-08-31
37329,2006-09-01
37693,2006-09-04
37368,2006-09-05
36710,2006-09-06
36558,2006-09-08
35772,2006-09-11
36147,2006-09-12
36550,2006-09-13
36154,2006-09-14
36170,2006-09-15
36483,2006-09-18
35886,2006-09-19
35197,2006-09-20
34830,2006-09-21
34799,2006-09-22
34973,2006-09-25
35819,2006-09-26
36106,2006-09-27
36486,2006-09-28
36449,2006-09-29
37058,2006-10-02
36438,2006-10-03
37749,2006-10-04
37977,2006-10-05
37940,2006-10-06
38406,2006-10-09
38655,2006-10-10
38322,2006-10-11
38850,2006-10-13
39229,2006-10-16
38898,2006-10-17
38686,2006-10-18
38920,2006-10-19
38643,2006-10-20
39227,2006-10-23
39499,2006-10-24
39563,2006-10-25
39645,2006-10-26
39328,2006-10-27
38900,2006-10-30
39263,2006-10-31
39930,2006-11-01
40435,2006-11-03
41247,2006-11-06
41048,2006-11-07
41334,2006-11-08
40815,2006-11-09
40720,2006-11-10
40606,2006-11-13
41291,2006-11-14
41162,2006-11-16
41029,2006-11-17
41570,2006-11-21
41913,2006-11-22
42070,2006-11-23
41758,2006-11-24
40915,2006-11-27
41043,2006-11-28
41970,2006-11-29
41932,2006-11-30
41327,2006-12-01
42654,2006-12-04
43157,2006-12-05
43096,2006-12-06
42909,2006-12-07
42978,2006-12-08
43297,2006-12-11
43018,2006-12-12
43285,2006-12-13
43755,2006-12-14
43596,2006-12-15
43509,2006-12-18
43590,2006-12-19
43502,2006-12-20
43385,2006-12-21
43356,2006-12-22
43603,2006-12-26
44526,2006-12-27
44474,2006-12-28
45383,2007-01-02
44445,2007-01-03
44020,2007-01-04
42245,2007-01-05
42830,2007-01-08
42007,2007-01-09
42336,2007-01-10
42670,2007-01-11
43095,2007-01-12
42919,2007-01-15
42624,2007-01-16
42735,2007-01-17
42478,2007-01-18
43428,2007-01-19
43553,2007-01-22
44177,2007-01-23
44687,2007-01-24
44412,2007-01-26
43573,2007-01-29
44044,2007-01-30
44642,2007-01-31
44815,2007-02-01
44998,2007-02-02
45286,2007-02-05
45352,2007-02-06
44588,2007-02-07
44892,2007-02-08
44284,2007-02-09
43935,2007-02-12
45197,2007-02-13
45996,2007-02-14
45955,2007-02-15
45849,2007-02-16
46090,2007-02-21
46452,2007-02-22
46016,2007-02-23
46207,2007-02-26
43145,2007-02-27
43892,2007-02-28
43517,2007-03-01
42370,2007-03-02
41179,2007-03-05
43218,2007-03-06
42667,2007-03-07
43466,2007-03-08
44133,2007-03-09
44249,2007-03-12
42749,2007-03-13
43288,2007-03-14
43278,2007-03-15
42730,2007-03-16
43713,2007-03-19
44351,2007-03-20
45631,2007-03-21
45424,2007-03-22
45533,2007-03-23
45645,2007-03-26
45207,2007-03-27
44484,2007-03-28
45355,2007-03-29
45805,2007-03-30
45597,2007-04-02
46288,2007-04-03
46554,2007-04-04
46647,2007-04-05
46855,2007-04-09
47174,2007-04-10
46939,2007-04-11
47347,2007-04-12
47926,2007-04-13
48921,2007-04-16
48755,2007-04-17
48710,2007-04-18
48762,2007-04-19
49408,2007-04-20
49162,2007-04-23
49071,2007-04-24
49676,2007-04-25
49068,2007-04-26
49230,2007-04-27
48956,2007-04-30
49472,2007-05-02
50218,2007-05-03
50598,2007-05-04
50282,2007-05-07
50278,2007-05-08
51300,2007-05-09
50235,2007-05-10
50902,2007-05-11
50511,2007-05-14
50518,2007-05-15
51738,2007-05-16
51631,2007-05-17
52078,2007-05-18
52423,2007-05-21
52208,2007-05-22
51813,2007-05-23
50531,2007-05-24
51618,2007-05-25
52120,2007-05-28
51713,2007-05-29
52528,2007-05-30
52268,2007-05-31
53423,2007-06-01
53243,2007-06-04
53162,2007-06-05
52049,2007-06-06
52330,2007-06-08
52777,2007-06-11
51797,2007-06-12
52994,2007-06-13
53713,2007-06-14
54519,2007-06-15
54730,2007-06-18
54644,2007-06-19
54029,2007-06-20
54657,2007-06-21
54267,2007-06-22
54042,2007-06-25
53852,2007-06-26
54143,2007-06-27
54147,2007-06-28
54392,2007-06-29
55371,2007-07-02
55700,2007-07-03
55696,2007-07-04
55932,2007-07-05
56444,2007-07-06
55883,2007-07-10
56356,2007-07-11
57613,2007-07-12
57644,2007-07-13
57374,2007-07-16
57660,2007-07-17
57556,2007-07-18
58125,2007-07-19
57443,2007-07-20
58037,2007-07-23
55795,2007-07-24
56001,2007-07-25
53893,2007-07-26
52922,2007-07-27
54573,2007-07-30
54183,2007-07-31
54234,2007-08-01
54691,2007-08-02
52846,2007-08-03
53091,2007-08-06
53802,2007-08-07
55241,2007-08-08
53431,2007-08-09
52638,2007-08-10
52434,2007-08-13
50912,2007-08-14
49285,2007-08-15
48016,2007-08-16
48559,2007-08-17
49206,2007-08-20
49815,2007-08-21
51745,2007-08-22
51848,2007-08-23
52998,2007-08-24
53078,2007-08-27
51645,2007-08-28
52735,2007-08-29
52858,2007-08-30
54637,2007-08-31
54833,2007-09-03
55250,2007-09-04
54408,2007-09-05
54569,2007-09-06
52653,2007-09-10
53921,2007-09-11
53883,2007-09-12
54908,2007-09-13
54671,2007-09-14
54341,2007-09-17
56666,2007-09-18
57264,2007-09-19
56906,2007-09-20
57799,2007-09-21
58719,2007-09-24
58858,2007-09-25
59715,2007-09-26
61052,2007-09-27
60465,2007-09-28
62340,2007-10-01
62017,2007-10-02
60099,2007-10-03
60407,2007-10-04
62319,2007-10-05
62661,2007-10-08
63549,2007-10-09
63197,2007-10-10
62456,2007-10-11
62969,2007-10-15
61718,2007-10-16
63194,2007-10-17
63261,2007-10-18
60894,2007-10-19
61215,2007-10-22
62697,2007-10-23
62625,2007-10-24
62341,2007-10-25
64276,2007-10-26
65044,2007-10-29
64383,2007-10-30
65318,2007-10-31
64050,2007-11-01
62960,2007-11-05
64503,2007-11-06
63501,2007-11-07
63562,2007-11-08
64321,2007-11-09
61527,2007-11-12
62927,2007-11-13
64631,2007-11-14
64609,2007-11-16
62336,2007-11-19
60582,2007-11-21
60653,2007-11-22
60971,2007-11-23
59069,2007-11-26
59432,2007-11-27
61715,2007-11-28
62156,2007-11-29
63006,2007-11-30
63200,2007-12-03
63482,2007-12-04
64928,2007-12-05
65791,2007-12-06
65639,2007-12-07
65446,2007-12-10
64512,2007-12-11
64742,2007-12-12
62861,2007-12-13
62445,2007-12-14
59828,2007-12-17
61096,2007-12-18
61722,2007-12-19
61716,2007-12-20
63098,2007-12-21
64288,2007-12-26
63774,2007-12-27
63886,2007-12-28
62815,2008-01-02
62892,2008-01-03
61037,2008-01-04
60772,2008-01-07
62081,2008-01-08
62674,2008-01-09
63515,2008-01-10
61942,2008-01-11
62188,2008-01-14
59907,2008-01-15
58777,2008-01-16
57037,2008-01-17
57506,2008-01-18
53709,2008-01-21
56097,2008-01-22
54235,2008-01-23
57463,2008-01-24
58594,2008-01-28
59530,2008-01-29
60289,2008-01-30
59490,2008-01-31
61080,2008-02-01
58969,2008-02-06
58965,2008-02-07
59076,2008-02-08
60643,2008-02-11
61805,2008-02-12
62591,2008-02-13
61819,2008-02-14
61272,2008-02-15
62801,2008-02-18
62297,2008-02-19
63747,2008-02-20
63792,2008-02-21
64609,2008-02-22
65001,2008-02-25
65183,2008-02-26
65495,2008-02-27
65555,2008-02-28
63489,2008-02-29
64490,2008-03-03
63656,2008-03-04
64629,2008-03-05
62975,2008-03-06
61868,2008-03-07
59999,2008-03-10
62368,2008-03-11
62177,2008-03-12
62280,2008-03-13
61991,2008-03-14
60012,2008-03-17
61933,2008-03-18
58827,2008-03-19
58987,2008-03-20
59813,2008-03-24
61234,2008-03-25
61415,2008-03-26
60762,2008-03-27
60452,2008-03-28
60968,2008-03-31
62775,2008-04-01
63364,2008-04-02
64175,2008-04-03
64446,2008-04-04
64176,2008-04-07
64540,2008-04-08
63477,2008-04-09
63527,2008-04-10
62585,2008-04-11
62153,2008-04-14
62618,2008-04-15
64152,2008-04-16
64552,2008-04-17
64923,2008-04-18
64923,2008-04-21
65413,2008-04-22
64948,2008-04-23
64576,2008-04-24
65187,2008-04-25
65678,2008-04-28
63826,2008-04-29
67868,2008-04-30
69366,2008-05-02
70175,2008-05-05
70195,2008-05-06
69018,2008-05-07
69722,2008-05-08
69646,2008-05-09
70416,2008-05-12
70503,2008-05-13
70027,2008-05-14
71492,2008-05-15
72767,2008-05-16
73439,2008-05-19
73517,2008-05-20
72295,2008-05-21
71452,2008-05-23
71629,2008-05-26
70992,2008-05-27
73153,2008-05-28
71798,2008-05-29
72593,2008-05-30
71897,2008-06-02
70012,2008-06-03
68673,2008-06-04
71235,2008-06-05
69786,2008-06-06
69281,2008-06-09
67775,2008-06-10
66795,2008-06-11
67322,2008-06-12
67204,2008-06-13
67285,2008-06-16
68438,2008-06-17
67090,2008-06-18
66590,2008-06-19
64614,2008-06-20
64640,2008-06-23
64168,2008-06-24
65853,2008-06-25
63947,2008-06-26
64321,2008-06-27
65018,2008-06-30
63396,2008-07-01
61106,2008-07-02
59273,2008-07-03
59365,2008-07-04
59088,2008-07-07
59536,2008-07-08
60253,2008-07-10
60148,2008-07-11
60721,2008-07-14
61015,2008-07-15
62056,2008-07-16
60109,2008-07-17
59988,2008-07-18
60772,2008-07-21
59647,2008-07-22
59421,2008-07-23
57434,2008-07-24
57199,2008-07-25
56869,2008-07-28
58043,2008-07-29
59998,2008-07-30
59505,2008-07-31
57630,2008-08-01
55609,2008-08-04
56471,2008-08-05
57542,2008-08-06
57018,2008-08-07
56584,2008-08-08
54720,2008-08-11
54503,2008-08-12
54573,2008-08-13
55138,2008-08-14
54244,2008-08-15
53327,2008-08-18
53639,2008-08-19
55377,2008-08-20
55935,2008-08-21
55850,2008-08-22
54477,2008-08-25
54359,2008-08-26
55519,2008-08-27
56382,2008-08-28
55680,2008-08-29
55162,2008-09-01
54404,2008-09-02
53527,2008-09-03
51409,2008-09-04
51940,2008-09-05
50718,2008-09-08
48435,2008-09-09
49633,2008-09-10
51270,2008-09-11
52393,2008-09-12
48416,2008-09-15
49229,2008-09-16
45909,2008-09-17
48423,2008-09-18
53055,2008-09-19
51541,2008-09-22
49593,2008-09-23
49843,2008-09-24
51828,2008-09-25
50783,2008-09-26
46028,2008-09-29
49541,2008-09-30
49799,2008-10-01
46145,2008-10-02
44517,2008-10-03
42101,2008-10-06
40140,2008-10-07
38594,2008-10-08
37080,2008-10-09
35610,2008-10-10
40829,2008-10-13
41569,2008-10-14
36833,2008-10-15
36442,2008-10-16
36399,2008-10-17
39441,2008-10-20
39043,2008-10-21
35070,2008-10-22
33818,2008-10-23
31482,2008-10-24
29435,2008-10-27
33387,2008-10-28
34845,2008-10-29
37449,2008-10-30
37257,2008-10-31
38249,2008-11-03
40255,2008-11-04
37786,2008-11-05
36362,2008-11-06
36665,2008-11-07
36776,2008-11-10
37262,2008-11-11
34374,2008-11-12
35993,2008-11-13
35789,2008-11-14
35717,2008-11-17
34095,2008-11-18
33405,2008-11-19
31251,2008-11-21
34189,2008-11-24
34813,2008-11-25
36470,2008-11-26
36213,2008-11-27
36596,2008-11-28
34741,2008-12-01
35001,2008-12-02
35297,2008-12-03
35128,2008-12-04
35347,2008-12-05
38285,2008-12-08
37968,2008-12-09
39004,2008-12-10
38519,2008-12-11
39374,2008-12-12
38320,2008-12-15
39993,2008-12-16
39947,2008-12-17
39536,2008-12-18
39131,2008-12-19
37619,2008-12-22
36471,2008-12-23
36864,2008-12-26
37060,2008-12-29
37550,2008-12-30
40244,2009-01-02
41519,2009-01-05
42312,2009-01-06
40820,2009-01-07
41991,2009-01-08
41583,2009-01-09
39403,2009-01-12
39544,2009-01-13
37982,2009-01-14
39151,2009-01-15
39342,2009-01-16
38828,2009-01-19
37272,2009-01-20
38543,2009-01-21
37894,2009-01-22
38132,2009-01-23
38509,2009-01-26
38699,2009-01-27
40227,2009-01-28
39638,2009-01-29
39301,2009-01-30
38666,2009-02-02
39747,2009-02-03
40129,2009-02-04
41109,2009-02-05
42756,2009-02-06
42100,2009-02-09
41207,2009-02-10
40846,2009-02-11
40501,2009-02-12
41674,2009-02-13
41841,2009-02-16
39847,2009-02-17
39674,2009-02-18
39730,2009-02-19
38715,2009-02-20
38232,2009-02-25
38180,2009-02-26
38183,2009-02-27
36235,2009-03-02
36468,2009-03-03
38402,2009-03-04
37369,2009-03-05
37105,2009-03-06
36741,2009-03-09
38795,2009-03-10
38805,2009-03-11
39152,2009-03-12
39015,2009-03-13
38607,2009-03-16
39511,2009-03-17
40142,2009-03-18
40453,2009-03-19
40076,2009-03-20
42439,2009-03-23
41476,2009-03-24
41799,2009-03-25
42589,2009-03-26
41907,2009-03-27
40653,2009-03-30
40926,2009-03-31
41976,2009-04-01
43736,2009-04-02
44391,2009-04-03
44167,2009-04-06
43825,2009-04-07
44182,2009-04-08
45539,2009-04-09
45992,2009-04-13
45418,2009-04-14
45273,2009-04-15
46025,2009-04-16
45778,2009-04-17
44433,2009-04-20
44888,2009-04-22
45801,2009-04-23
46772,2009-04-24
45820,2009-04-27
45821,2009-04-28
47227,2009-04-29
47290,2009-04-30
50405,2009-05-04
50670,2009-05-05
51499,2009-05-06
50058,2009-05-07
51396,2009-05-08
50976,2009-05-11
50326,2009-05-12
48679,2009-05-13
49446,2009-05-14
49007,2009-05-15
51463,2009-05-18
51347,2009-05-19
51245,2009-05-20
50087,2009-05-21
50568,2009-05-22
50816,2009-05-25
51841,2009-05-26
51792,2009-05-27
53041,2009-05-28
53198,2009-05-29
54486,2009-06-01
54000,2009-06-02
52087,2009-06-03
53464,2009-06-04
53341,2009-06-05
53630,2009-06-08
53157,2009-06-09
53411,2009-06-10
53558,2009-06-12
52034,2009-06-15
51206,2009-06-16
51046,2009-06-17
50903,2009-06-18
51374,2009-06-19
49495,2009-06-22
49814,2009-06-23
49672,2009-06-24
51515,2009-06-25
51486,2009-06-26
52138,2009-06-29
51465,2009-06-30
51544,2009-07-01
51025,2009-07-02
50935,2009-07-03
50622,2009-07-06
49457,2009-07-07
49178,2009-07-08
49221,2009-07-10
49187,2009-07-13
48873,2009-07-14
51297,2009-07-15
51918,2009-07-16
52072,2009-07-17
53155,2009-07-20
53234,2009-07-21
53073,2009-07-22
54249,2009-07-23
54457,2009-07-24
54549,2009-07-27
54472,2009-07-28
53735,2009-07-29
54478,2009-07-30
54766,2009-07-31
55998,2009-08-03
56038,2009-08-04
56384,2009-08-05
55755,2009-08-06
56330,2009-08-07
56830,2009-08-10
55761,2009-08-11
56588,2009-08-12
57048,2009-08-13
56638,2009-08-14
55218,2009-08-17
55749,2009-08-18
56156,2009-08-19
56831,2009-08-20
57729,2009-08-21
57775,2009-08-24
57421,2009-08-25
57766,2009-08-26
57704,2009-08-27
57701,2009-08-28
56489,2009-08-31
55815,2009-09-01
55386,2009-09-02
55707,2009-09-03
56652,2009-09-04
56652,2009-09-07
57855,2009-09-08
57910,2009-09-09
58536,2009-09-10
58366,2009-09-11
58868,2009-09-14
59264,2009-09-15
60411,2009-09-16
60236,2009-09-17
60703,2009-09-18
60928,2009-09-21
61493,2009-09-22
60496,2009-09-23
60046,2009-09-24
60356,2009-09-25
61317,2009-09-28
61235,2009-09-29
61518,2009-09-30
60459,2009-10-01
61172,2009-10-02
62369,2009-10-05
62671,2009-10-06
62638,2009-10-07
63760,2009-10-08
64071,2009-10-09
64646,2009-10-13
66201,2009-10-14
66703,2009-10-15
66200,2009-10-16
67239,2009-10-19
65303,2009-10-20
65486,2009-10-21
66135,2009-10-22
65059,2009-10-23
65086,2009-10-26
63161,2009-10-27
60162,2009-10-28
63721,2009-10-29
61546,2009-10-30
62643,2009-11-03
63913,2009-11-04
64816,2009-11-05
64466,2009-11-06
66214,2009-11-09
66303,2009-11-10
66431,2009-11-11
64448,2009-11-12
65326,2009-11-13
66627,2009-11-16
67406,2009-11-17
66516,2009-11-18
66327,2009-11-19
66809,2009-11-23
67317,2009-11-24
67917,2009-11-25
66392,2009-11-26
67082,2009-11-27
67044,2009-11-30
68546,2009-12-01
68615,2009-12-02
68315,2009-12-03
67604,2009-12-04
68512,2009-12-07
67729,2009-12-08
68012,2009-12-09
68728,2009-12-10
69267,2009-12-11
69349,2009-12-14
69311,2009-12-15
68622,2009-12-16
67068,2009-12-17
66794,2009-12-18
65925,2009-12-21
67418,2009-12-22
67589,2009-12-23
67902,2009-12-28
68296,2009-12-29
68588,2009-12-30
70045,2010-01-04
70240,2010-01-05
70729,2010-01-06
70451,2010-01-07
70263,2010-01-08
70433,2010-01-11
70076,2010-01-12
70385,2010-01-13
69801,2010-01-14
68978,2010-01-15
69401,2010-01-18
69909,2010-01-19
68200,2010-01-20
66270,2010-01-21
66220,2010-01-22
65524,2010-01-26
65070,2010-01-27
65588,2010-01-28
65402,2010-01-29
66572,2010-02-01
67163,2010-02-02
67109,2010-02-03
63934,2010-02-04
62763,2010-02-05
63153,2010-02-08
64718,2010-02-09
65051,2010-02-10
66129,2010-02-11
65855,2010-02-12
67285,2010-02-17
67836,2010-02-18
67597,2010-02-19
67184,2010-02-22
66108,2010-02-23
65795,2010-02-24
66121,2010-02-25
66503,2010-02-26
67228,2010-03-01
67779,2010-03-02
67641,2010-03-03
67815,2010-03-04
68847,2010-03-05
68575,2010-03-08
69576,2010-03-09
69979,2010-03-10
69885,2010-03-11
69341,2010-03-12
69024,2010-03-15
69942,2010-03-16
69723,2010-03-17
69697,2010-03-18
68829,2010-03-19
69042,2010-03-22
69387,2010-03-23
68913,2010-03-24
68442,2010-03-25
68683,2010-03-26
69939,2010-03-29
69960,2010-03-30
70372,2010-03-31
71136,2010-04-01
71290,2010-04-05
71096,2010-04-06
70793,2010-04-07
71785,2010-04-08
71417,2010-04-09
70614,2010-04-12
70792,2010-04-13
71035,2010-04-14
70524,2010-04-15
69421,2010-04-16
69098,2010-04-19
69318,2010-04-20
69386,2010-04-22
69509,2010-04-23
68872,2010-04-26
66511,2010-04-27
66656,2010-04-28
67978,2010-04-29
67530,2010-04-30
67119,2010-05-03
64869,2010-05-04
64914,2010-05-05
63414,2010-05-06
62871,2010-05-07
65453,2010-05-10
64425,2010-05-11
65224,2010-05-12
64788,2010-05-13
63412,2010-05-14
62866,2010-05-17
60841,2010-05-18
59689,2010-05-19
58192,2010-05-20
60259,2010-05-21
59915,2010-05-24
59184,2010-05-25
60190,2010-05-26
62092,2010-05-27
61947,2010-05-28
63047,2010-05-31
61841,2010-06-01
62943,2010-06-02
61676,2010-06-04
61183,2010-06-07
61856,2010-06-08
61479,2010-06-09
63049,2010-06-10
63605,2010-06-11
63533,2010-06-14
64442,2010-06-15
64751,2010-06-16
64541,2010-06-17
64438,2010-06-18
64829,2010-06-21
64811,2010-06-22
65160,2010-06-23
63937,2010-06-24
64824,2010-06-25
64225,2010-06-28
61978,2010-06-29
60936,2010-06-30
61236,2010-07-01
61430,2010-07-02
60865,2010-07-05
62065,2010-07-06
63284,2010-07-07
63476,2010-07-08
62960,2010-07-12
63686,2010-07-13
63479,2010-07-14
63489,2010-07-15
62339,2010-07-16
63297,2010-07-19
64463,2010-07-20
64477,2010-07-21
65748,2010-07-22
66323,2010-07-23
66443,2010-07-26
66674,2010-07-27
66808,2010-07-28
66954,2010-07-29
67515,2010-07-30
68517,2010-08-02
67997,2010-08-03
68272,2010-08-04
68412,2010-08-05
68095,2010-08-06
67862,2010-08-09
67223,2010-08-10
65790,2010-08-11
65966,2010-08-12
66264,2010-08-13
66702,2010-08-16
67584,2010-08-17
67638,2010-08-18
66887,2010-08-19
66677,2010-08-20
65982,2010-08-23
65156,2010-08-24
64803,2010-08-25
63867,2010-08-26
65585,2010-08-27
64261,2010-08-30
65145,2010-08-31
67073,2010-09-01
66808,2010-09-02
66679,2010-09-03
66747,2010-09-06
66407,2010-09-08
66624,2010-09-09
66807,2010-09-10
68031,2010-09-13
67692,2010-09-14
68107,2010-09-15
67663,2010-09-16
67089,2010-09-17
68190,2010-09-20
67719,2010-09-21
68325,2010-09-22
68794,2010-09-23
68196,2010-09-24
68816,2010-09-27
69228,2010-09-28
69228,2010-09-29
69430,2010-09-30
70229,2010-10-01
70385,2010-10-04
71283,2010-10-05
70541,2010-10-06
69918,2010-10-07
70809,2010-10-08
70946,2010-10-11
71675,2010-10-13
71692,2010-10-14
71830,2010-10-15
71736,2010-10-18
69864,2010-10-19
70405,2010-10-20
69652,2010-10-21
69530,2010-10-22
69580,2010-10-25
70740,2010-10-26
70569,2010-10-27
70320,2010-10-28
70673,2010-10-29
71561,2010-11-01
71905,2010-11-03
72996,2010-11-04
72607,2010-11-05
72657,2010-11-08
71679,2010-11-09
71638,2010-11-10
71195,2010-11-11
70367,2010-11-12
69192,2010-11-16
69709,2010-11-17
70781,2010-11-18
70898,2010-11-19
69633,2010-11-22
67953,2010-11-23
69629,2010-11-24
69362,2010-11-25
68226,2010-11-26
67908,2010-11-29
67705,2010-11-30
69346,2010-12-01
69527,2010-12-02
69766,2010-12-03
69552,2010-12-06
69338,2010-12-07
68175,2010-12-08
67879,2010-12-09
68342,2010-12-10
69126,2010-12-13
68743,2010-12-14
67870,2010-12-15
67306,2010-12-16
67981,2010-12-17
67264,2010-12-20
68215,2010-12-21
68471,2010-12-22
68486,2010-12-23
67803,2010-12-27
68041,2010-12-28
68952,2010-12-29
69305,2010-12-30
69962,2011-01-03
70318,2011-01-04
71091,2011-01-05
70579,2011-01-06
70057,2011-01-07
70127,2011-01-10
70423,2011-01-11
71633,2011-01-12
70721,2011-01-13
70940,2011-01-14
70609,2011-01-17
70920,2011-01-18
70058,2011-01-19
69562,2011-01-20
69133,2011-01-21
69427,2011-01-24
68709,2011-01-26
68051,2011-01-27
66698,2011-01-28
66575,2011-01-31
67847,2011-02-01
66688,2011-02-02
66765,2011-02-03
65269,2011-02-04
65362,2011-02-07
65771,2011-02-08
64218,2011-02-09
64578,2011-02-10
65756,2011-02-11
66558,2011-02-14
66341,2011-02-15
67571,2011-02-16
67685,2011-02-17
68067,2011-02-18
67259,2011-02-21
66440,2011-02-22
66910,2011-02-23
66949,2011-02-24
66903,2011-02-25
67383,2011-02-28
66243,2011-03-01
67282,2011-03-02
68146,2011-03-03
68012,2011-03-04
67264,2011-03-09
66041,2011-03-10
66685,2011-03-11
67169,2011-03-14
67005,2011-03-15
66003,2011-03-16
66216,2011-03-17
66880,2011-03-18
66690,2011-03-21
67578,2011-03-22
67796,2011-03-23
67533,2011-03-24
67766,2011-03-25
67193,2011-03-28
67419,2011-03-29
67997,2011-03-30
68587,2011-03-31
69268,2011-04-01
69704,2011-04-04
69838,2011-04-05
69037,2011-04-06
69176,2011-04-07
68718,2011-04-08
68164,2011-04-11
66896,2011-04-12
66486,2011-04-13
66279,2011-04-14
66684,2011-04-15
65415,2011-04-18
66158,2011-04-19
67058,2011-04-20
66972,2011-04-25
67144,2011-04-26
66264,2011-04-27
65673,2011-04-28
66133,2011-04-29
65463,2011-05-02
64318,2011-05-03
63616,2011-05-04
63407,2011-05-05
64417,2011-05-06
64622,2011-05-09
64877,2011-05-10
63776,2011-05-11
64003,2011-05-12
63235,2011-05-13
62830,2011-05-16
63673,2011-05-17
62841,2011-05-18
62367,2011-05-19
62597,2011-05-20
62345,2011-05-23
63337,2011-05-24
63388,2011-05-25
64099,2011-05-26
64295,2011-05-27
63954,2011-05-30
64620,2011-05-31
63411,2011-06-01
64218,2011-06-02
64341,2011-06-03
63068,2011-06-06
63218,2011-06-07
63033,2011-06-08
63469,2011-06-09
62697,2011-06-10
62023,2011-06-13
62205,2011-06-14
61604,2011-06-15
60881,2011-06-16
61060,2011-06-17
61168,2011-06-20
61424,2011-06-21
61194,2011-06-22
61017,2011-06-24
61217,2011-06-27
62303,2011-06-28
62334,2011-06-29
62404,2011-06-30
63394,2011-07-01
63891,2011-07-04
63039,2011-07-05
62565,2011-07-06
62207,2011-07-07
61513,2011-07-08
60224,2011-07-11
59705,2011-07-12
60670,2011-07-13
59679,2011-07-14
59478,2011-07-15
58838,2011-07-18
59082,2011-07-19
59120,2011-07-20
60263,2011-07-21
60270,2011-07-22
59971,2011-07-25
59340,2011-07-26
58288,2011-07-27
58708,2011-07-28
58823,2011-07-29
58536,2011-08-01
57311,2011-08-02
56017,2011-08-03
52811,2011-08-04
52949,2011-08-05
48668,2011-08-08
51151,2011-08-09
51395,2011-08-10
53343,2011-08-11
53473,2011-08-12
54652,2011-08-15
54324,2011-08-16
55073,2011-08-17
53134,2011-08-18
52448,2011-08-19
52440,2011-08-22
53787,2011-08-23
53796,2011-08-24
52953,2011-08-25
53351,2011-08-26
54861,2011-08-29
55385,2011-08-30
56495,2011-08-31
58118,2011-09-01
56532,2011-09-02
54998,2011-09-05
56607,2011-09-06
57624,2011-09-08
55778,2011-09-09
55685,2011-09-12
55544,2011-09-13
56286,2011-09-14
56381,2011-09-15
57210,2011-09-16
57103,2011-09-19
56379,2011-09-20
55982,2011-09-21
53280,2011-09-22
53230,2011-09-23
53748,2011-09-26
53920,2011-09-27
53270,2011-09-28
53385,2011-09-29
52324,2011-09-30
50792,2011-10-03
50686,2011-10-04
51014,2011-10-05
52290,2011-10-06
51244,2011-10-07
53273,2011-10-10
53838,2011-10-11
54601,2011-10-13
55030,2011-10-14
53911,2011-10-17
55032,2011-10-18
54966,2011-10-19
54010,2011-10-20
55255,2011-10-21
56892,2011-10-24
56286,2011-10-25
57144,2011-10-26
59270,2011-10-27
59513,2011-10-28
58338,2011-10-31
57323,2011-11-01
58196,2011-11-03
58670,2011-11-04
59199,2011-11-07
59026,2011-11-08
57550,2011-11-09
57322,2011-11-10
58547,2011-11-11
58258,2011-11-14
58560,2011-11-16
56989,2011-11-17
56731,2011-11-18
56285,2011-11-21
55878,2011-11-22
54972,2011-11-23
55280,2011-11-24
54894,2011-11-25
56017,2011-11-28
55300,2011-11-29
56875,2011-11-30
58143,2011-12-01
57886,2011-12-02
58910,2011-12-05
59536,2011-12-06
58663,2011-12-07
57455,2011-12-08
58236,2011-12-09
57347,2011-12-12
57495,2011-12-13
56647,2011-12-14
56331,2011-12-15
56097,2011-12-16
55298,2011-12-19
56865,2011-12-20
56653,2011-12-21
57348,2011-12-22
57701,2011-12-23
57669,2011-12-26
58005,2011-12-27
56534,2011-12-28
56754,2011-12-29
57829,2012-01-02
59265,2012-01-03
59365,2012-01-04
58546,2012-01-05
58600,2012-01-06
59083,2012-01-09
59806,2012-01-10
59962,2012-01-11
59921,2012-01-12
59147,2012-01-13
59956,2012-01-16
60646,2012-01-17
61723,2012-01-18
61927,2012-01-19
62312,2012-01-20
62386,2012-01-23
62486,2012-01-24
62953,2012-01-26
62904,2012-01-27
62770,2012-01-30
63072,2012-01-31
64567,2012-02-01
64593,2012-02-02
65217,2012-02-03
65224,2012-02-06
65917,2012-02-07
65831,2012-02-08
65530,2012-02-09
63998,2012-02-10
65692,2012-02-13
65039,2012-02-14
65368,2012-02-15
66142,2012-02-16
66204,2012-02-17
66093,2012-02-22
65820,2012-02-23
65943,2012-02-24
65241,2012-02-27
65959,2012-02-28
65812,2012-02-29
66810,2012-03-01
67782,2012-03-02
66964,2012-03-05
65114,2012-03-06
66017,2012-03-07
66908,2012-03-08
66704,2012-03-09
66385,2012-03-12
68394,2012-03-13
68257,2012-03-14
67749,2012-03-15
67684,2012-03-16
67730,2012-03-19
67296,2012-03-20
66860,2012-03-21
65828,2012-03-22
65813,2012-03-23
66685,2012-03-26
66037,2012-03-27
65079,2012-03-28
64872,2012-03-29
64511,2012-03-30
65216,2012-04-02
64284,2012-04-03
63529,2012-04-04
63691,2012-04-05
62923,2012-04-09
61738,2012-04-10
61293,2012-04-11
63058,2012-04-12
62106,2012-04-13
61955,2012-04-16
62699,2012-04-17
63010,2012-04-18
62618,2012-04-19
62494,2012-04-20
61539,2012-04-23
61971,2012-04-24
61750,2012-04-25
62198,2012-04-26
61691,2012-04-27
61820,2012-04-30
62424,2012-05-02
62104,2012-05-03
60821,2012-05-04
61220,2012-05-07
60365,2012-05-08
59786,2012-05-09
59702,2012-05-10
59445,2012-05-11
57540,2012-05-14
56238,2012-05-15
55888,2012-05-16
54038,2012-05-17
54513,2012-05-18
56590,2012-05-21
55039,2012-05-22
54619,2012-05-23
54063,2012-05-24
54463,2012-05-25
55213,2012-05-28
54633,2012-05-29
53798,2012-05-30
54490,2012-05-31
53403,2012-06-01
53417,2012-06-04
52481,2012-06-05
54156,2012-06-06
54430,2012-06-08
54001,2012-06-11
55049,2012-06-12
55651,2012-06-13
55352,2012-06-14
56105,2012-06-15
56195,2012-06-18
57195,2012-06-19
57167,2012-06-20
55505,2012-06-21
55440,2012-06-22
53805,2012-06-25
53837,2012-06-26
53109,2012-06-27
52652,2012-06-28
54355,2012-06-29
54693,2012-07-02
55780,2012-07-03
56077,2012-07-04
56379,2012-07-05
55394,2012-07-06
53706,2012-07-10
53569,2012-07-11
53421,2012-07-12
54331,2012-07-13
53402,2012-07-16
53909,2012-07-17
54583,2012-07-18
55347,2012-07-19
54195,2012-07-20
53034,2012-07-23
52639,2012-07-24
52608,2012-07-25
54003,2012-07-26
56553,2012-07-27
57241,2012-07-30
56097,2012-07-31
55623,2012-08-01
55520,2012-08-02
57255,2012-08-03
58345,2012-08-06
57726,2012-08-07
58951,2012-08-08
58797,2012-08-09
59281,2012-08-10
59123,2012-08-13
58083,2012-08-14
58189,2012-08-15
59446,2012-08-16
59082,2012-08-17
59283,2012-08-20
58918,2012-08-21
59381,2012-08-22
58512,2012-08-23
58426,2012-08-24
58111,2012-08-27
58406,2012-08-28
57369,2012-08-29
57256,2012-08-30
57061,2012-08-31
57281,2012-09-03
56234,2012-09-04
56864,2012-09-05
58321,2012-09-06
58404,2012-09-10
59423,2012-09-11
59922,2012-09-12
61958,2012-09-13
62105,2012-09-14
61806,2012-09-17
61804,2012-09-18
61652,2012-09-19
61688,2012-09-20
61320,2012-09-21
61910,2012-09-24
60501,2012-09-25
60478,2012-09-26
60240,2012-09-27
59176,2012-09-28
59571,2012-10-01
59222,2012-10-02
58627,2012-10-03
58458,2012-10-04
58572,2012-10-05
59317,2012-10-08
58939,2012-10-09
58456,2012-10-10
59162,2012-10-11
59602,2012-10-15
59744,2012-10-16
60087,2012-10-17
59734,2012-10-18
58922,2012-10-19
58700,2012-10-22
57690,2012-10-23
57161,2012-10-24
57837,2012-10-25
57277,2012-10-26
57177,2012-10-29
57684,2012-10-30
57068,2012-10-31
58383,2012-11-01
58210,2012-11-05
59459,2012-11-06
58517,2012-11-07
57524,2012-11-08
57358,2012-11-09
57064,2012-11-12
57486,2012-11-13
56279,2012-11-14
55402,2012-11-16
56451,2012-11-19
56242,2012-11-21
56437,2012-11-22
57574,2012-11-23
56737,2012-11-26
56248,2012-11-27
56539,2012-11-28
57853,2012-11-29
57475,2012-11-30
58202,2012-12-03
57563,2012-12-04
57679,2012-12-05
57656,2012-12-06
58487,2012-12-07
59248,2012-12-10
59623,2012-12-11
59474,2012-12-12
59317,2012-12-13
59605,2012-12-14
59567,2012-12-17
60461,2012-12-18
60998,2012-12-19
61276,2012-12-20
61007,2012-12-21
60960,2012-12-26
60416,2012-12-27
60952,2012-12-28
62550,2013-01-02
63312,2013-01-03
62523,2013-01-04
61933,2013-01-07
61128,2013-01-08
61579,2013-01-09
61678,2013-01-10
61497,2013-01-11
62081,2013-01-14
61728,2013-01-15
61787,2013-01-16
62194,2013-01-17
61956,2013-01-18
61900,2013-01-21
61692,2013-01-22
61966,2013-01-23
61170,2013-01-24
61170,2013-01-25
60027,2013-01-28
60406,2013-01-29
59337,2013-01-30
59761,2013-01-31
60351,2013-02-01
59576,2013-02-04
59445,2013-02-05
58951,2013-02-06
58372,2013-02-07
58498,2013-02-08
58406,2013-02-13
58077,2013-02-14
57903,2013-02-15
57614,2013-02-18
57314,2013-02-19
56178,2013-02-20
56155,2013-02-21
56697,2013-02-22
56618,2013-02-25
56949,2013-02-26
57274,2013-02-27
57424,2013-02-28
56884,2013-03-01
56499,2013-03-04
55951,2013-03-05
57940,2013-03-06
58847,2013-03-07
58433,2013-03-08
58545,2013-03-11
58209,2013-03-12
57386,2013-03-13
57281,2013-03-14
56869,2013-03-15
56973,2013-03-18
56361,2013-03-19
56030,2013-03-20
55577,2013-03-21
55243,2013-03-22
54873,2013-03-25
55671,2013-03-26
56034,2013-03-27
56352,2013-03-28
55902,2013-04-01
54889,2013-04-02
55563,2013-04-03
54648,2013-04-04
55051,2013-04-05
55092,2013-04-08
55912,2013-04-09
56187,2013-04-10
55401,2013-04-11
54963,2013-04-12
52950,2013-04-15
53991,2013-04-16
52882,2013-04-17
53166,2013-04-18
53929,2013-04-19
54298,2013-04-22
54885,2013-04-23
54984,2013-04-24
54963,2013-04-25
54252,2013-04-26
54887,2013-04-29
55910,2013-04-30
55322,2013-05-02
55488,2013-05-03
55430,2013-05-06
56275,2013-05-07
55805,2013-05-08
55448,2013-05-09
55108,2013-05-10
54448,2013-05-13
54667,2013-05-14
54936,2013-05-15
54773,2013-05-16
55164,2013-05-17
55701,2013-05-20
56265,2013-05-21
56429,2013-05-22
56350,2013-05-23
56406,2013-05-24
56396,2013-05-27
56036,2013-05-28
54635,2013-05-29
53506,2013-05-31
53944,2013-06-03
54018,2013-06-04
52799,2013-06-05
52885,2013-06-06
51619,2013-06-07
51317,2013-06-10
49770,2013-06-11
49181,2013-06-12
50415,2013-06-13
49332,2013-06-14
49089,2013-06-17
49465,2013-06-18
47893,2013-06-19
48214,2013-06-20
47056,2013-06-21
45965,2013-06-24
46893,2013-06-25
47172,2013-06-26
47609,2013-06-27
47457,2013-06-28
47230,2013-07-01
45229,2013-07-02
45044,2013-07-03
45763,2013-07-04
45210,2013-07-05
45076,2013-07-08
45483,2013-07-10
46626,2013-07-11
45533,2013-07-12
46739,2013-07-15
46869,2013-07-16
47407,2013-07-17
47657,2013-07-18
47400,2013-07-19
48574,2013-07-22
48820,2013-07-23
48374,2013-07-24
49067,2013-07-25
49422,2013-07-26
49212,2013-07-29
48562,2013-07-30
48234,2013-07-31
49141,2013-08-01
48474,2013-08-02
48436,2013-08-05
47422,2013-08-06
47447,2013-08-07
48929,2013-08-08
49875,2013-08-09
50299,2013-08-12
50601,2013-08-13
50896,2013-08-14
50908,2013-08-15
51539,2013-08-16
51574,2013-08-19
50507,2013-08-20
50405,2013-08-21
51398,2013-08-22
52197,2013-08-23
51429,2013-08-26
50092,2013-08-27
49867,2013-08-28
49922,2013-08-29
50008,2013-08-30
51835,2013-09-02
51626,2013-09-03
51716,2013-09-04
52352,2013-09-05
53749,2013-09-06
54252,2013-09-09
53979,2013-09-10
53570,2013-09-11
53307,2013-09-12
53798,2013-09-13
53822,2013-09-16
54271,2013-09-17
55703,2013-09-18
55096,2013-09-19
54110,2013-09-20
54602,2013-09-23
54431,2013-09-24
54261,2013-09-25
53783,2013-09-26
53739,2013-09-27
52338,2013-09-30
53179,2013-10-01
53100,2013-10-02
52490,2013-10-03
52849,2013-10-04
52417,2013-10-07
52312,2013-10-08
52548,2013-10-09
52997,2013-10-10
53150,2013-10-11
54171,2013-10-14
54981,2013-10-15
55973,2013-10-16
55358,2013-10-17
55378,2013-10-18
56077,2013-10-21
56460,2013-10-22
55440,2013-10-23
54877,2013-10-24
54154,2013-10-25
55073,2013-10-28
54539,2013-10-29
54173,2013-10-30
54256,2013-10-31
54013,2013-11-01
54437,2013-11-04
53832,2013-11-05
53385,2013-11-06
52741,2013-11-07
52249,2013-11-08
52624,2013-11-11
51804,2013-11-12
52230,2013-11-13
53452,2013-11-14
54307,2013-11-18
53033,2013-11-19
52688,2013-11-21
52801,2013-11-22
52264,2013-11-25
51447,2013-11-26
51861,2013-11-27
51847,2013-11-28
52482,2013-11-29
51245,2013-12-02
50349,2013-12-03
50216,2013-12-04
50788,2013-12-05
50944,2013-12-06
51165,2013-12-09
50993,2013-12-10
50068,2013-12-11
50122,2013-12-12
50051,2013-12-13
50280,2013-12-16
50090,2013-12-17
50563,2013-12-18
50819,2013-12-19
51186,2013-12-20
51356,2013-12-23
51356,2013-12-24
51221,2013-12-26
51267,2013-12-27
51507,2013-12-30
51507,2014-01-01
50341,2014-01-02
50981,2014-01-03
50974,2014-01-06
50430,2014-01-07
50577,2014-01-08
49322,2014-01-09
49696,2014-01-10
49427,2014-01-13
49703,2014-01-14
50105,2014-01-15
49696,2014-01-16
49182,2014-01-17
48708,2014-01-20
48542,2014-01-21
49300,2014-01-22
48321,2014-01-23
47787,2014-01-24
47701,2014-01-27
47841,2014-01-28
47557,2014-01-29
47244,2014-01-30
47639,2014-01-31
46148,2014-02-03
46964,2014-02-04
46624,2014-02-05
47738,2014-02-06
48074,2014-02-07
47711,2014-02-10
48463,2014-02-11
48217,2014-02-12
47813,2014-02-13
48201,2014-02-14
47576,2014-02-17
46600,2014-02-18
47151,2014-02-19
47289,2014-02-20
47380,2014-02-21
47394,2014-02-24
46716,2014-02-25
46599,2014-02-26
47607,2014-02-27
47094,2014-02-28
47094,2014-03-03
47094,2014-03-04
46589,2014-03-05
47093,2014-03-06
46244,2014-03-07
45533,2014-03-10
45698,2014-03-11
45862,2014-03-12
45444,2014-03-13
44966,2014-03-14
45118,2014-03-17
46151,2014-03-18
46567,2014-03-19
47279,2014-03-20
47381,2014-03-21
47993,2014-03-24
48180,2014-03-25
47966,2014-03-26
49647,2014-03-27
49768,2014-03-28
50415,2014-03-31
50270,2014-04-01
51701,2014-04-02
51408,2014-04-03
51082,2014-04-04
52155,2014-04-07
51629,2014-04-08
51185,2014-04-09
51128,2014-04-10
51867,2014-04-11
51597,2014-04-14
50454,2014-04-15
51201,2014-04-16
52111,2014-04-17
52112,2014-04-18
52112,2014-04-21
51977,2014-04-22
51570,2014-04-23
51817,2014-04-24
51399,2014-04-25
51384,2014-04-28
51839,2014-04-29
51627,2014-04-30
51627,2014-05-01
52980,2014-05-02
53446,2014-05-05
53780,2014-05-06
54053,2014-05-07
53422,2014-05-08
53100,2014-05-09
54053,2014-05-12
53907,2014-05-13
54413,2014-05-14
53856,2014-05-15
53976,2014-05-16
53353,2014-05-19
52366,2014-05-20
52203,2014-05-21
52806,2014-05-22
52626,2014-05-23
52933,2014-05-26
52174,2014-05-27
52640,2014-05-28
52239,2014-05-29
51239,2014-05-30
51606,2014-06-02
52032,2014-06-03
51833,2014-06-04
51559,2014-06-05
53129,2014-06-06
54273,2014-06-09
54604,2014-06-10
55102,2014-06-11
55102,2014-06-12
54807,2014-06-13
54630,2014-06-16
54300,2014-06-17
55202,2014-06-18
55203,2014-06-19
54638,2014-06-20
54210,2014-06-23
54281,2014-06-24
53426,2014-06-25
53507,2014-06-26
53157,2014-06-27
53168,2014-06-30
53172,2014-07-01
53029,2014-07-02
53875,2014-07-03
54056,2014-07-04
53802,2014-07-07
53634,2014-07-08
53635,2014-07-09
54593,2014-07-10
54786,2014-07-11
55744,2014-07-14
55974,2014-07-15
55717,2014-07-16
55638,2014-07-17
57013,2014-07-18
57634,2014-07-21
57983,2014-07-22
57420,2014-07-23
57978,2014-07-24
57821,2014-07-25
57696,2014-07-28
57119,2014-07-29
56878,2014-07-30
55829,2014-07-31
55903,2014-08-01
56616,2014-08-04
56202,2014-08-05
56487,2014-08-06
56188,2014-08-07
55573,2014-08-08
56613,2014-08-11
56442,2014-08-12
55581,2014-08-13
55780,2014-08-14
56964,2014-08-15
57561,2014-08-18
58449,2014-08-19
58878,2014-08-20
58992,2014-08-21
58407,2014-08-22
59735,2014-08-25
59821,2014-08-26
60951,2014-08-27
60291,2014-08-28
61288,2014-08-29
61141,2014-09-01
61896,2014-09-02
61837,2014-09-03
60800,2014-09-04
60682,2014-09-05
59193,2014-09-08
58676,2014-09-09
58199,2014-09-10
58337,2014-09-11
56928,2014-09-12
57949,2014-09-15
59115,2014-09-16
59108,2014-09-17
58375,2014-09-18
57789,2014-09-19
56818,2014-09-22
56541,2014-09-23
56824,2014-09-24
55962,2014-09-25
57212,2014-09-26
54625,2014-09-29
54116,2014-09-30
52858,2014-10-01
53519,2014-10-02
54540,2014-10-03
57116,2014-10-06
57436,2014-10-07
57059,2014-10-08
57268,2014-10-09
55311,2014-10-10
57956,2014-10-13
58015,2014-10-14
56135,2014-10-15
54298,2014-10-16
55724,2014-10-17
54303,2014-10-20
52432,2014-10-21
52411,2014-10-22
50713,2014-10-23
51941,2014-10-24
50504,2014-10-27
52330,2014-10-28
51049,2014-10-29
52337,2014-10-30
54629,2014-10-31
53947,2014-11-03
54384,2014-11-04
53698,2014-11-05
52637,2014-11-06
53223,2014-11-07
52725,2014-11-10
52474,2014-11-11
52979,2014-11-12
51846,2014-11-13
51772,2014-11-14
51257,2014-11-17
52062,2014-11-18
53402,2014-11-19
53403,2014-11-20
56084,2014-11-21
55407,2014-11-24
55561,2014-11-25
55098,2014-11-26
54721,2014-11-27
54664,2014-11-28
52277,2014-12-01
51612,2014-12-02
52320,2014-12-03
51427,2014-12-04
51992,2014-12-05
50274,2014-12-08
50193,2014-12-09
49548,2014-12-10
49861,2014-12-11
48002,2014-12-12
47019,2014-12-15
47008,2014-12-16
48714,2014-12-17
48496,2014-12-18
49651,2014-12-19
50121,2014-12-22
50890,2014-12-23
50145,2014-12-26
50594,2014-12-29
50007,2014-12-30
50007,2014-12-31
48512,2015-01-02
47517,2015-01-05
48001,2015-01-06
49463,2015-01-07
49943,2015-01-08
48840,2015-01-09
48140,2015-01-12
48042,2015-01-13
47646,2015-01-14
48026,2015-01-15
49017,2015-01-16
47758,2015-01-19
47877,2015-01-20
49224,2015-01-21
49443,2015-01-22
48775,2015-01-23
48577,2015-01-26
48591,2015-01-27
47695,2015-01-28
47762,2015-01-29
46908,2015-01-30
47651,2015-02-02
48964,2015-02-03
49301,2015-02-04
49234,2015-02-05
48792,2015-02-06
49383,2015-02-09
48510,2015-02-10
48240,2015-02-11
49533,2015-02-12
50636,2015-02-13
50636,2015-02-17
51280,2015-02-18
51294,2015-02-19
51238,2015-02-20
51281,2015-02-23
51874,2015-02-24
51811,2015-02-25
51761,2015-02-26
51583,2015-02-27
51021,2015-03-02
51304,2015-03-03
50468,2015-03-04
50365,2015-03-05
49981,2015-03-06
49181,2015-03-09
48293,2015-03-10
48906,2015-03-11
48880,2015-03-12
48596,2015-03-13
48848,2015-03-16
50285,2015-03-17
51526,2015-03-18
50954,2015-03-19
51967,2015-03-20
51908,2015-03-23
51506,2015-03-24
51858,2015-03-25
50580,2015-03-26
50095,2015-03-27
51243,2015-03-30
51150,2015-03-31
52322,2015-04-01
53123,2015-04-02
53737,2015-04-06
53729,2015-04-07
53661,2015-04-08
53803,2015-04-09
54214,2015-04-10
54240,2015-04-13
53982,2015-04-14
54919,2015-04-15
54674,2015-04-16
53955,2015-04-17
53761,2015-04-20
53761,2015-04-21
54617,2015-04-22
55685,2015-04-23
56594,2015-04-24
55535,2015-04-27
55812,2015-04-28
55325,2015-04-29
56229,2015-04-30
56229,2015-05-01
57354,2015-05-04
58052,2015-05-05
57103,2015-05-06
56921,2015-05-07
57149,2015-05-08
57197,2015-05-11
56792,2015-05-12
56372,2015-05-13
56657,2015-05-14
57249,2015-05-15
56204,2015-05-18
55499,2015-05-19
54901,2015-05-20
55112,2015-05-21
54377,2015-05-22
54609,2015-05-25
53630,2015-05-26
54236,2015-05-27
53976,2015-05-28
52760,2015-05-29
53031,2015-06-01
54236,2015-06-02
53523,2015-06-03
52973,2015-06-05
52810,2015-06-08
52816,2015-06-09
53876,2015-06-10
53689,2015-06-11
53348,2015-06-12
53138,2015-06-15
53702,2015-06-16
53249,2015-06-17
54239,2015-06-18
53749,2015-06-19
53864,2015-06-22
53772,2015-06-23
53843,2015-06-24
53176,2015-06-25
54017,2015-06-26
53014,2015-06-29
53081,2015-06-30
52758,2015-07-01
53106,2015-07-02
52519,2015-07-03
52149,2015-07-06
52344,2015-07-07
51782,2015-07-08
52591,2015-07-10
53119,2015-07-13
53239,2015-07-14
52902,2015-07-15
53070,2015-07-16
52342,2015-07-17
51600,2015-07-20
51474,2015-07-21
50916,2015-07-22
49807,2015-07-23
49246,2015-07-24
48736,2015-07-27
49602,2015-07-28
50245,2015-07-29
49897,2015-07-30
50865,2015-07-31
50138,2015-08-03
50058,2015-08-04
50287,2015-08-05
50011,2015-08-06
48577,2015-08-07
49353,2015-08-10
49072,2015-08-11
48388,2015-08-12
48010,2015-08-13
47508,2015-08-14
47217,2015-08-17
47451,2015-08-18
46588,2015-08-19
46649,2015-08-20
45720,2015-08-21
44336,2015-08-24
44545,2015-08-25
46038,2015-08-26
47715,2015-08-27
47154,2015-08-28
46626,2015-08-31
45477,2015-09-01
46464,2015-09-02
47366,2015-09-03
46498,2015-09-04
46762,2015-09-08
46657,2015-09-09
46504,2015-09-10
46401,2015-09-11
47282,2015-09-14
47364,2015-09-15
48553,2015-09-16
48551,2015-09-17
47264,2015-09-18
46590,2015-09-21
46265,2015-09-22
45340,2015-09-23
45292,2015-09-24
44831,2015-09-25
43957,2015-09-28
44132,2015-09-29
45059,2015-09-30
45313,2015-10-01
47033,2015-10-02
47598,2015-10-05
47735,2015-10-06
48914,2015-10-07
49107,2015-10-08
49338,2015-10-09
47363,2015-10-13
46710,2015-10-14
47161,2015-10-15
47236,2015-10-16
47447,2015-10-19
47077,2015-10-20
47026,2015-10-21
47772,2015-10-22
47597,2015-10-23
47209,2015-10-26
47043,2015-10-27
46741,2015-10-28
45628,2015-10-29
45869,2015-10-30
48054,2015-11-03
47710,2015-11-04
48047,2015-11-05
46919,2015-11-06
46195,2015-11-09
46179,2015-11-10
47065,2015-11-11
46884,2015-11-12
46517,2015-11-13
46847,2015-11-16
47248,2015-11-17
47436,2015-11-18
48139,2015-11-19
48150,2015-11-23
48284,2015-11-24
46867,2015-11-25
47146,2015-11-26
45873,2015-11-27
45120,2015-11-30
45047,2015-12-01
44915,2015-12-02
46393,2015-12-03
45361,2015-12-04
45223,2015-12-07
44443,2015-12-08
46108,2015-12-09
45631,2015-12-10
45263,2015-12-11
44747,2015-12-14
44872,2015-12-15
45016,2015-12-16
45261,2015-12-17
43911,2015-12-18
43200,2015-12-21
43470,2015-12-22
44015,2015-12-23
43764,2015-12-28
43654,2015-12-29
43350,2015-12-30
42141,2016-01-04
42419,2016-01-05
41773,2016-01-06
40695,2016-01-07
40612,2016-01-08
39950,2016-01-11
39514,2016-01-12
38944,2016-01-13
39500,2016-01-14
38569,2016-01-15
37937,2016-01-18
38057,2016-01-19
37645,2016-01-20
37717,2016-01-21
38031,2016-01-22
37497,2016-01-26
38376,2016-01-27
38630,2016-01-28
40406,2016-01-29
40570,2016-02-01
38596,2016-02-02
39589,2016-02-03
40822,2016-02-04
40592,2016-02-05
40377,2016-02-10
39318,2016-02-11
39808,2016-02-12
40093,2016-02-15
40948,2016-02-16
41631,2016-02-17
41478,2016-02-18
41543,2016-02-19
43235,2016-02-22
42521,2016-02-23
42085,2016-02-24
41888,2016-02-25
41593,2016-02-26
42794,2016-02-29
44122,2016-03-01
44893,2016-03-02
47193,2016-03-03
49085,2016-03-04
49246,2016-03-07
49102,2016-03-08
48665,2016-03-09
49571,2016-03-10
49639,2016-03-11
48867,2016-03-14
47130,2016-03-15
47763,2016-03-16
50914,2016-03-17
50815,2016-03-18
51172,2016-03-21
51010,2016-03-22
49690,2016-03-23
49657,2016-03-24
50838,2016-03-28
51155,2016-03-29
51249,2016-03-30
50055,2016-03-31
50562,2016-04-01
48780,2016-04-04
49054,2016-04-05
48096,2016-04-06
48513,2016-04-07
50293,2016-04-08
50165,2016-04-11
52002,2016-04-12
53150,2016-04-13
52411,2016-04-14
53228,2016-04-15
52894,2016-04-18
53710,2016-04-19
53631,2016-04-20
52908,2016-04-22
51862,2016-04-25
53083,2016-04-26
54478,2016-04-27
54312,2016-04-28
53911,2016-04-29
53562,2016-05-02
52260,2016-05-03
52553,2016-05-04
51671,2016-05-05
51718,2016-05-06
50990,2016-05-09
53071,2016-05-10
